- geo:
    lat: 39.4699075
    lng: -0.3762881
  name: Valencia, Spain
- geo:
    lat: 44.977753
    lng: -93.2650108
  name: Minneapolis, MN
- geo:
    lat: 47.7510741
    lng: -120.7401386
  name: Washington, USA
- geo:
    lat: 53.4285438
    lng: 14.5528116
  name: Szczecin, Poland
- geo:
    lat: 51.2464536
    lng: 22.5684463
  name: Lublin, Poland
- geo:
    lat: 28.5383355
    lng: -81.3792365
  name: Orlando, FL
- geo:
    lat: 10.8230989
    lng: 106.6296638
  name: Ho Chi Minh, Vietnam
- geo:
    lat: 33.4483771
    lng: -112.0740373
  name: Phoenix, AZ
- geo:
    lat: 52.09073739999999
    lng: 5.1214201
  name: Utrecht, Netherlands
- geo:
    lat: 19.0759837
    lng: 72.8776559
  name: Bombay,India
- geo:
    lat: 52.082869
    lng: 0.18269
  name: Hinxton, United Kingdom
- geo:
    lat: 18.5204303
    lng: 73.8567437
  name: Pune, India
- geo:
    lat: 45.5549624
    lng: 18.6955144
  name: Osijek, Croatia
- geo:
    lat: 60.16985569999999
    lng: 24.938379
  name: Helsinki, Finland
- geo:
    lat: 45.0811661
    lng: 13.6387067
  name: Rovinj, Croatia
- geo:
    lat: 28.4594965
    lng: 77.0266383
  name: Gurgaon, India
- geo:
    lat: 49.61162100000001
    lng: 6.1319346
  name: Luxembourg, Luxembourg
- geo:
    lat: 1.352083
    lng: 103.819836
  name: Singapore, Singapore
- geo:
    lat: 53.12348040000001
    lng: 18.0084378
  name: Bydgoszcz, Poland
- geo:
    lat: 46.9479739
    lng: 7.4474468
  name: Bern,Switzerland
- geo:
    lat: -8.0475622
    lng: -34.8769643
  name: Recife, Brazil
- geo:
    lat: 43.16103
    lng: -77.6109219
  name: Rochester, NY
- geo:
    lat: -36.8484597
    lng: 174.7633315
  name: Auckland, New Zealand
- geo:
    lat: -27.5953778
    lng: -48.5480499
  name: Florianópolis, Brazil
- geo:
    lat: -27.4697707
    lng: 153.0251235
  name: Brisbane, Australia
- geo:
    lat: 50.0411867
    lng: 21.9991196
  name: Rzeszów, Poland
- geo:
    lat: 36.8507689
    lng: -76.28587259999999
  name: Norfolk, United States
- geo:
    lat: 53.8007554
    lng: -1.5490774
  name: Leeds, United Kingdom
- geo:
    lat: 48.464717
    lng: 35.046183
  name: Dnipro, Ukraine
- geo:
    lat: 61.77816170000001
    lng: 34.3640396
  name: Petrozavodsk, Russia
- geo:
    lat: 46.7712101
    lng: 23.6236353
  name: Cluj Napoca, Romania
- geo:
    lat: 7.490462
    lng: 4.5521274
  name: Ile Ife, Nigeria
- geo:
    lat: 54.8985207
    lng: 23.9035965
  name: Kaunas, Lithuania
- geo:
    lat: 32.321458
    lng: 34.853196
  name: Netanya, Israel
- geo:
    lat: 55.728449
    lng: 9.112366000000002
  name: Billund, Denmark
- geo:
    lat: 49.2827291
    lng: -123.1207375
  name: Vancouver, Canada
- geo:
    lat: 44.840798
    lng: -93.2982799
  name: Bloomington, MN
- geo:
    lat: 37.9838096
    lng: 23.7275388
  name: Athens, Greece
- geo:
    lat: 50.8498434
    lng: 16.475679
  name: Swidnica, Poland
- geo:
    lat: 10.8230989
    lng: 106.6296638
  name: Saigon, Vietnam
- geo:
    lat: 43.610769
    lng: 3.876716
  name: Montpellier, France
- geo:
    lat: 50.8503396
    lng: 4.3517103
  name: Brussels, Belgium
- geo:
    lat: 48.1485965
    lng: 17.1077477
  name: Bratislava, Slovakia
- geo:
    lat: 18.4860575
    lng: -69.93121169999999
  name: Santo Domingo, Dominican Republic
- geo:
    lat: 35.6976541
    lng: -0.6337376
  name: Oran, Algeria
- geo:
    lat: 46.2043907
    lng: 6.1431577
  name: Geneva, Switzerland
- geo:
    lat: 20.6596988
    lng: -103.3496092
  name: Guadalajara, Mexico
- geo:
    lat: -12.2720956
    lng: -76.2710833
  name: Lima, Peru
- geo:
    lat: -6.1744651
    lng: 106.822745
  name: Jakarta, Indonesia
- geo:
    lat: 48.6208
    lng: 22.287883
  name: Uzhhorod,Ukraine
- geo:
    lat: 50.1109221
    lng: 8.6821267
  name: Frankfurt, Germany
- geo:
    lat: 45.2671352
    lng: 19.8335496
  name: Novi Sad, Serbia
- geo:
    lat: 53.22739
    lng: -4.129263
  name: Bangor, United Kingdom
- geo:
    lat: 42.9633599
    lng: -85.6680863
  name: Grand Rapids, MI
- geo:
    lat: 51.454513
    lng: -2.58791
  name: Bristol, UK
- geo:
    lat: 51.3396955
    lng: 12.3730747
  name: Leipzig, Germany
- geo:
    lat: 50.26489189999999
    lng: 19.0237815
  name: Katowice, Poland
- geo:
    lat: -16.489689
    lng: -68.11929359999999
  name: La Paz, Bolivia
- geo:
    lat: 51.0048208
    lng: 3.97358
  name: Wichelen, Belgium
- geo:
    lat: -19.9245018
    lng: -43.93523760000001
  name: Belo Horizonte, Brazil
- geo:
    lat: 41.0082376
    lng: 28.9783589
  name: Istanbul, Turkey
- geo:
    lat: 47.394144
    lng: 0.68484
  name: Tours, France
- geo:
    lat: 39.9863563
    lng: -0.0513246
  name: Castello, Spain
- geo:
    lat: 33.6839473
    lng: -117.7946942
  name: Irvine, USA
- geo:
    lat: -41.2864603
    lng: 174.776236
  name: Wellington, New Zealand
- geo:
    lat: 46.227638
    lng: 2.213749
  name: France
- geo:
    lat: 13.0826802
    lng: 80.2707184
  name: Madras, India
- geo:
    lat: 37.566535
    lng: 126.9779692
  name: Seoul, Korea
- geo:
    lat: 48.117266
    lng: -1.6777926
  name: Rennes, France
- geo:
    lat: 54.59728500000001
    lng: -5.93012
  name: Belfast, United Kingdom
- geo:
    lat: 43.296482
    lng: 5.36978
  name: Marseille, France
- geo:
    lat: 46.0569465
    lng: 14.5057515
  name: Ljubljana, Slovenia
- geo:
    lat: 49.4254092
    lng: 11.0796553
  name: Nürnberg, Germany
- geo:
    lat: 35.7795897
    lng: -78.6381787
  name: Raleigh, NC, US
- geo:
    lat: 42.0333607
    lng: -88.0834059
  name: Schaumburg, IL, US
- geo:
    lat: -26.2041028
    lng: 28.0473051
  name: Johannesburg, South Africa
- geo:
    lat: -22.9068467
    lng: -43.1728965
  name: Rio de Janeiro, Brazil
- geo:
    lat: 28.6139391
    lng: 77.2090212
  name: New Delhi, India
- geo:
    lat: 36.1699412
    lng: -115.1398296
  name: LAS VEGAS, CA, USA
- geo:
    lat: 42.3600825
    lng: -71.0588801
  name: Boston, MA, USA
- geo:
    lat: 13.7563309
    lng: 100.5017651
  name: Bangkok, Thailand
- geo:
    lat: 37.68717609999999
    lng: -97.33005299999999
  name: Wichita, KS, US
- geo:
    lat: 40.0149856
    lng: -105.2705456
  name: Boulder, CO, US
- geo:
    lat: 52.95478319999999
    lng: -1.1581086
  name: Nottingham, UK
- geo:
    lat: 42.6977082
    lng: 23.3218675
  name: Sofia, Bulgaria
- geo:
    lat: 55.1848061
    lng: 30.201622
  name: Vitebsk, Belarus
- geo:
    lat: 5.6037168
    lng: -0.1869644
  name: Accra, Ghana
- geo:
    lat: 48.7413546
    lng: 9.1774071
  name: Degerloch, Germany
- geo:
    lat: 29.7604267
    lng: -95.3698028
  name: Houston, US
- geo:
    lat: 38.9338676
    lng: -77.1772604
  name: McLean, VA, US
- geo:
    lat: 51.0504088
    lng: 13.7372621
  name: Dresden, Germany
- geo:
    lat: 44.786568
    lng: 20.4489216
  name: Belgrade, Serbia
- geo:
    lat: 53.5510846
    lng: 9.9936818
  name: Hamburg, Germany
- geo:
    lat: 55.6760968
    lng: 12.5683371
  name: Copenhagen, Denmark
- geo:
    lat: 50.937531
    lng: 6.9602786
  name: Köln, Germany
- geo:
    lat: -37.8136276
    lng: 144.9630576
  name: Melbourne, Australia
- geo:
    lat: 38.7222524
    lng: -9.1393366
  name: Lisbon, Portugal
- geo:
    lat: 52.3702157
    lng: 4.895167900000001
  name: Amsterdam, The Netherlands
- geo:
    lat: 25.0329636
    lng: 121.5654268
  name: Taipei, Taiwan
- geo:
    lat: 12.9715987
    lng: 77.5945627
  name: Bangalore, India
- geo:
    lat: 52.3758916
    lng: 9.732010400000002
  name: Hannover, Germany
- geo:
    lat: 47.070714
    lng: 15.439504
  name: Graz, Austria
- geo:
    lat: 49.4874592
    lng: 8.466039499999999
  name: Mannheim, Germany
- geo:
    lat: 22.6272784
    lng: 120.3014353
  name: Kaohsiung, Taiwan
- geo:
    lat: 63.4305149
    lng: 10.3950528
  name: Trondheim, Norway
- geo:
    lat: 52.0401675
    lng: 5.6648594
  name: Ede, The Netherlands
- geo:
    lat: 49.7384314
    lng: 13.3736371
  name: Pilsen, Czech
- geo:
    lat: 34.6937378
    lng: 135.5021651
  name: Osaka, Japan
- geo:
    lat: 45.188529
    lng: 5.724524
  name: Grenoble, France
- geo:
    lat: 30.3321838
    lng: -81.65565099999999
  name: Jacksonville, USA
- geo:
    lat: 35.0116363
    lng: 135.7680294
  name: Kyoto, Japan
- geo:
    lat: 32.0852999
    lng: 34.78176759999999
  name: Tel Aviv-Yafo, Israel
- geo:
    lat: 43.604652
    lng: 1.444209
  name: Toulouse, France
- geo:
    lat: 44.494887
    lng: 11.3426163
  name: Bologna, Italy
- geo:
    lat: 37.3382082
    lng: -121.8863286
  name: San Jose, USA
- geo:
    lat: 43.653226
    lng: -79.3831843
  name: Toronto, Canada
- geo:
    lat: 30.267153
    lng: -97.7430608
  name: Austin, USA
- geo:
    lat: 42.2830786
    lng: -87.9531303
  name: Libertyville, USA
- geo:
    lat: 44.837789
    lng: -0.57918
  name: Bordo, France
- geo:
    lat: 35.6894875
    lng: 139.6917064
  name: Tokyo, Japan
- geo:
    lat: 44.4267674
    lng: 26.1025384
  name: Bucharest, Romania
- geo:
    lat: 41.8781136
    lng: -87.6297982
  name: Chicago, USA
- geo:
    lat: 39.1031182
    lng: -84.5120196
  name: Cincinnati, USA
- geo:
    lat: 14.6349149
    lng: -90.5068824
  name: Guatemala, Guatemala
- name: St.Petersburg, Russia
  geo:
    lat: 59.946047
    lng: 30.286587
- name: Kirov, Russia
  geo:
    lat: 58.609079
    lng: 49.648262
- name: Uljanovsk, Russia
  geo:
    lat: 54.308292
    lng: 48.38107
- name: Yekaterinburg, Russia
  geo:
    lat: 56.837483
    lng: 60.602056
- name: Moscow, Russia
  geo:
    lat: 55.757202
    lng: 37.626981
- name: Chelyabinsk, Russia
  geo:
    lat: 55.163526
    lng: 61.429164
- name: Novosibirsk, Russia
  geo:
    lat: 55.010079
    lng: 82.921247

- name: Minsk, Belarus
  geo:
    lat: 53.902684
    lng: 27.55961

- name: Riga, Latvia
  geo:
    lat: 56.946312
    lng: 24.109931

- name: Vilnus, Lithuania
  geo:
    lat: 54.684216
    lng: 25.284512

- name: Brno, Czech Republic
  geo:
    lat: 49.196216
    lng: 16.610575
- name: Prague, Czech Republic
  geo:
    lat: 50.075012
    lng: 14.436779

- name: Thessaloniki, Greece
  geo:
    lat: 40.638775
    lng: 22.94499

- name: Chennai, India
  geo:
    lat: 13.07896
    lng: 80.269428

- name: Aarhus, Denmark
  geo:
    lat: 56.162602
    lng: 10.205143

- name: Sydney, Australia
  geo:
    lat: -33.873035
    lng: 151.209423

- name: Montreal, Canada
  geo:
    lat: 45.501838
    lng: -73.565967

- name: Barcelona, Spain
  geo:
    lat: 41.385239
    lng: 2.172112
- name: Madrid, Spain
  geo:
    lat: 40.414348
    lng: -3.704263

- name: Kiev, Ukraine
  geo:
    lat: 50.440888
    lng: 30.518952
- name: Lviv, Ukraine
  geo:
    lat: 49.839311
    lng: 24.031117

- name: Kraków, Poland
  geo:
    lat: 50.057326
    lng: 19.943073
- name: Poznań, Poland
  geo:
    lat: 52.40673
    lng: 16.922946
- name: Warsaw, Poland
  geo:
    lat: 52.221499
    lng: 21.00763
- name: Lodz, Poland
  geo:
    lat: 51.757799
    lng: 19.455185

- name: Tallinn, Estonia
  geo:
    lat: 59.436246
    lng: 24.753346

- name: Lugano, Switzerland
  geo:
    lat: 46.003654
    lng: 8.950171
- name: Lausanne, Switzerland
  geo:
    lat: 46.518828
    lng: 6.630865
- name: Zurich, Switzerland
  geo:
    lat: 47.374644
    lng: 8.540833

- name: Tunis, Tunisia
  geo:
    lat: 36.806958
    lng: 10.180011

- name: Stockholm, Sweden
  geo:
    lat: 59.354254
    lng: 18.075431
- name: Malmö, Sweden
  geo:
    lat: 55.604388
    lng: 13.004659

- name: Zagreb, Croatia
  geo:
    lat: 45.81003
    lng: 15.978406

- name: Turin, Italy
  geo:
    lat: 45.077346
    lng: 7.670798
- name: Milan, Italy
  geo:
    lat: 45.463435
    lng: 9.185627
- name: Rome, Italy
  geo:
    lat: 41.89402
    lng: 12.493763

- name: Antwerp, Belgium
  geo:
    lat: 51.223763
    lng: 4.39754

- name: Berlin, Germany
  geo:
    lat: 52.521667
    lng: 13.406591
- name: Munich, Germany
  geo:
    lat: 48.13221
    lng: 11.580286
- name: Stuttgart, Germany
  geo:
    lat: 48.775716
    lng: 9.182493
- name: Brühl, Germany
  geo:
    lat: 50.826468
    lng: 6.897847
- name: Karlsruhe, Germany
  geo:
    lat: 49.004793
    lng: 8.403696

- name: Paris, France
  geo:
    lat: 48.856579
    lng: 2.342405
- name: Lyon, France
  geo:
    lat: 45.76286
    lng: 4.837009
- name: Strasbourg, France
  geo:
    lat: 48.572046
    lng: 7.746643

- name: Oslo, Norway
  geo:
    lat: 59.913751
    lng: 10.752839

- name: London, UK
  geo:
    lat: 51.510613
    lng: -0.122204
- name: Manchester, UK
  geo:
    lat: 53.481011
    lng: -2.243163

- name: Santa Clara, CA, USA
  geo:
    lat: 37.353285
    lng: -121.955708
- name: San Francisco, CA, USA
  geo:
    lat: 37.762648
    lng: -122.447213
- name: Portland, OR, USA
  geo:
    lat: 45.52077
    lng: -122.677083
- name: St. Louis, MO, USA
  geo:
    lat: 38.619826
    lng: -90.198832
- name: Twin Cities, MN, USA
  geo:
    lat: 44.937961
    lng: -93.202105
- name: Denver, CO, USA
  geo:
    lat: 39.732579
    lng: -104.995194
- name: Mountain View, CA, USA
  geo:
    lat: 37.381993
    lng: -122.083327
- name: Philadelphia, PA, USA
  geo:
    lat: 39.944156
    lng: -75.170225
- name: Detroit, MI, USA
  geo:
    lat: 42.326043
    lng: -83.050798
- name: New York, NY, USA
  geo:
    lat: 40.70036
    lng: -74.01097
- name: Indianapolis, IN, US
  geo:
    lat: 39.770729
    lng: -86.158163
- name: Lehi, UT, USA
  geo:
    lat: 40.397364
    lng: -111.849055
- name: Atlanta, USA
  geo:
    lat: 33.745001
    lng: -84.38902

- name: São Paulo, Brazil
  geo:
    lat: -23.600388
    lng: -46.624169

- name: Dublin, Ireland
  geo:
    lat: 53.347199
    lng: -6.264249

- name: Budapest, Hungary
  geo:
    lat: 47.49412
    lng: 19.050646

- name: Vienna, Austria
  geo:
    lat: 48.205564
    lng: 16.367699

- name: 兵庫県芦屋市業平町8番24号
  geo:
    lat: 34.732159
    lng: 135.30278
